{
  "rvec": [
    -2.569684647525128,
    0.5742634893943839,
    -0.6848016462840543
  ],
  "tvec": [
    -6.311023475152636e-14,
    -5.059441735830147e-14,
    1.224933291252102e-13
  ],
  "rotation_matrix": [
    [
      0.7936044409850727,
      -0.2784723541177747,
      0.5409668559541103
    ],
    [
      -0.48416904517507553,
      -0.8274936409462277,
      0.2843142801334666
    ],
    [
      0.3684729663666333,
      -0.4875524814680573,
      -0.7915303221426919
    ]
  ],
  "reprojection_error": 1200951.5,
  "num_points": 7,
  "point_names": [
    "p1",
    "p5",
    "p4",
    "p16",
    "p13",
    "p13",
    "p13"
  ],
  "timestamp": "2026-04-01T09:58:04.434954",
  "folder": "source"
}