{
  "homography_matrix": [
    [
      61.81521134420676,
      -42.98785523144782,
      536.9999999999999
    ],
    [
      -2.7187903775318962,
      8.439281885626807,
      109.99999999999987
    ],
    [
      -0.004397942961632045,
      -0.05613508354248897,
      1.0
    ]
  ],
  "dominant_plane_z": 0.0,
  "num_planar_points": 5,
  "inlier_mask": [
    1,
    1,
    0,
    1,
    1
  ],
  "mean_reprojection_error": 3.03818664676309,
  "max_reprojection_error": 15.190933233815448,
  "timestamp": "2026-04-01T13:07:39.789156"
}