{
  "homography_matrix": [
    [
      6.199845049510616,
      -64.23872364398855,
      932.3611311180221
    ],
    [
      -13.540238340562341,
      -10.971896716948361,
      380.8883503449176
    ],
    [
      -0.04267668548206107,
      -0.04393005237956603,
      0.9999999999999999
    ]
  ],
  "mean_reprojection_error": 12.67366243712604,
  "individual_reprojection_errors": [
    0.24159103631973267,
    0.5838247537612915,
    5.667336940765381,
    3.465985059738159,
    1.797255516052246,
    4.931612014770508,
    1.267386794090271,
    64.64923858642578,
    1.3394033908843994,
    102.4920654296875,
    0.5081947445869446,
    0.776529848575592,
    1.4651774168014526,
    6.198736190795898,
    6.999650955200195,
    0.39461031556129456
  ],
  "points_used": 16,
  "total_points_available": 16,
  "excluded_net_top_points": 0,
  "computed_at": "2025-12-13T19:45:06.538072",
  "image_points": [
    [
      721.0,
      1003.0
    ],
    [
      320.0,
      686.0
    ],
    [
      167.0,
      568.0
    ],
    [
      599.0,
      462.0
    ],
    [
      797.0,
      502.0
    ],
    [
      1148.0,
      569.0
    ],
    [
      710.0,
      435.0
    ],
    [
      710.0,
      371.0
    ],
    [
      1212.0,
      506.0
    ],
    [
      1230.0,
      404.0
    ],
    [
      1255.0,
      460.0
    ],
    [
      982.0,
      433.0
    ],
    [
      800.0,
      415.0
    ],
    [
      927.0,
      384.0
    ],
    [
      1087.0,
      393.0
    ],
    [
      1311.0,
      403.0
    ]
  ],
  "world_points": [
    [
      6.0960001945495605,
      13.40999984741211
    ],
    [
      3.0480000972747803,
      13.40999984741211
    ],
    [
      0.0,
      13.40999984741211
    ],
    [
      0.0,
      8.835000038146973
    ],
    [
      3.0480000972747803,
      8.835000038146973
    ],
    [
      6.0960001945495605,
      8.835000038146973
    ],
    [
      0.0,
      6.704999923706055
    ],
    [
      0.0,
      6.704999923706055
    ],
    [
      6.0960001945495605,
      6.704999923706055
    ],
    [
      6.0960001945495605,
      6.704999923706055
    ],
    [
      6.0960001945495605,
      4.574999809265137
    ],
    [
      3.0480000972747803,
      4.574999809265137
    ],
    [
      0.0,
      4.574999809265137
    ],
    [
      0.0,
      0.0
    ],
    [
      3.0480000972747803,
      0.0
    ],
    [
      6.0960001945495605,
      0.0
    ]
  ],
  "excluded_indices": [],
  "included_world_coordinates": [
    11,
    10,
    9,
    6,
    7,
    8,
    12,
    12,
    13,
    13,
    5,
    4,
    3,
    0,
    1,
    2
  ],
  "selected_indices_for_homography": [
    0,
    1,
    2,
    3,
    4,
    5,
    6,
    7,
    8,
    9,
    10,
    11,
    12,
    13,
    14,
    15
  ],
  "methodology": "Complete calibration following notebook approach with padding, distortion handling, and court boundary computation",
  "metadata": {
    "camera_mac": "d8:3a:dd:ef:e9:03",
    "track_index": "1232",
    "center_name": "GameTheorySarjapur",
    "sport": "pickleball",
    "court": "court2"
  }
}