{
  "homography_matrix": [
    [
      43.92586995964778,
      -42.33429698146952,
      572.285705566406
    ],
    [
      -2.885673610472992,
      -4.765650198364693,
      270.71429443359386
    ],
    [
      -0.007267523449422483,
      -0.05671890753963702,
      1.0
    ]
  ],
  "dominant_plane_z": 0.0,
  "num_planar_points": 4,
  "inlier_mask": [
    1,
    1,
    1,
    1
  ],
  "mean_reprojection_error": 0.0,
  "max_reprojection_error": 0.0,
  "timestamp": "2026-04-04T10:29:02.473985"
}