{
  "UNDIST_COURT_DEFINING_POINTS": [
    [
      1451.9795018292764,
      778.5396366715177
    ],
    [
      2214.7617006316486,
      1028.626474901537
    ],
    [
      733.7910853926627,
      789.903766883328
    ],
    [
      170.79870187771047,
      1007.1436309696566
    ]
  ],
  "DIST_COURT_DEFINING_POINTS": [
    [
      1155.4681396484375,
      497.5132141113281
    ],
    [
      1437.433837890625,
      674.0224609375
    ],
    [
      319.68768310546875,
      508.9232177734375
    ],
    [
      41.39220428466797,
      683.927734375
    ]
  ],
  "DIST_CAMERA_TO_WORLD_MATRIX": [
    [
      0.00014069516143392654,
      0.04554703506935188,
      -22.64580105775087
    ],
    [
      -0.013938925274161462,
      0.028996754774910222,
      1.7117435051389018
    ],
    [
      0.0002193750254559123,
      0.00419017304794147,
      -1.320675067662227
    ]
  ],
  "PADDED_UNDIST_COURT_DEFINING_POINTS": [
    [
      1968.130874332818,
      756.9066815179287
    ],
    [
      7095.555803668238,
      1336.5758899300629
    ],
    [
      743.2218104779378,
      777.987764655483
    ],
    [
      -238.42880111236184,
      1132.6207620506405
    ]
  ],
  "PADDED_DIST_COURT_DEFINING_POINTS": [
    [
      1393.81591796875,
      495.5103454589844
    ],
    [
      1634.1475830078125,
      619.6002197265625
    ],
    [
      328.61944580078125,
      494.38214111328125
    ],
    [
      -30.62160873413086,
      720.8309936523438
    ]
  ],
  "UNDIST_NET_LINE": [
    [
      1078.2872663464102,
      784.4526911374198
    ],
    [
      1075.862678722587,
      1016.6562044236667
    ]
  ],
  "DIST_NET_LINE": [
    [
      734.8987426757812,
      496.5324401855469
    ],
    [
      730.3278198242188,
      801.6778564453125
    ]
  ],
  "UNDIST_CAMERA_TO_WORLD_MATRIX": [
    [
      0.0011224252447044707,
      0.07093484446570582,
      -56.85532648532783
    ],
    [
      -0.016408421193138394,
      0.05004682247638252,
      -15.138743757508763
    ],
    [
      0.00022742298775073688,
      0.007497621455241279,
      -5.1674090001229604
    ]
  ]
}