{
  "homography_matrix": [
    [
      -118.93084093644808,
      -48.955195160279764,
      1451.9795018292764
    ],
    [
      -72.31516438039739,
      5.843916550533018,
      778.5396366715177
    ],
    [
      -0.11015952775669524,
      0.006324627557421331,
      1.0
    ]
  ],
  "mean_reprojection_error": 15.989198833703995,
  "individual_reprojection_errors": [
    0.7349097728729248,
    3.41576886177063,
    1.43276846408844,
    0.12863227725028992,
    7.000908374786377,
    112.25746154785156,
    1.1553741693496704,
    38.469398498535156,
    0.6029453277587891,
    2.2226486206054688,
    0.49882957339286804,
    8.325946807861328,
    18.913436889648438,
    28.689754486083984
  ],
  "points_used": 14,
  "total_points_available": 14,
  "excluded_net_top_points": 0,
  "computed_at": "2025-12-13T19:41:21.895250",
  "image_points": [
    [
      578.0,
      849.0
    ],
    [
      736.0,
      792.0
    ],
    [
      913.0,
      848.0
    ],
    [
      766.0,
      1013.0
    ],
    [
      1070.0,
      1021.0
    ],
    [
      1078.0,
      904.0
    ],
    [
      1077.0,
      785.0
    ],
    [
      1079.0,
      746.0
    ],
    [
      1193.0,
      783.0
    ],
    [
      1250.0,
      842.0
    ],
    [
      1407.0,
      1020.0
    ],
    [
      1445.0,
      774.0
    ],
    [
      1625.0,
      829.0
    ],
    [
      142.0,
      1004.0
    ]
  ],
  "world_points": [
    [
      3.0480000972747803,
      13.40999984741211
    ],
    [
      0.0,
      13.40999984741211
    ],
    [
      3.0480000972747803,
      8.835000038146973
    ],
    [
      6.0960001945495605,
      8.835000038146973
    ],
    [
      6.0960001945495605,
      6.704999923706055
    ],
    [
      6.0960001945495605,
      6.704999923706055
    ],
    [
      0.0,
      6.704999923706055
    ],
    [
      0.0,
      6.704999923706055
    ],
    [
      0.0,
      4.574999809265137
    ],
    [
      3.0480000972747803,
      4.574999809265137
    ],
    [
      6.0960001945495605,
      4.574999809265137
    ],
    [
      0.0,
      0.0
    ],
    [
      3.0480000972747803,
      0.0
    ],
    [
      6.0960001945495605,
      13.40999984741211
    ]
  ],
  "excluded_indices": [],
  "included_world_coordinates": [
    10,
    9,
    7,
    8,
    13,
    13,
    12,
    12,
    3,
    4,
    5,
    0,
    1,
    11
  ],
  "selected_indices_for_homography": [
    0,
    1,
    2,
    3,
    4,
    5,
    6,
    7,
    8,
    9,
    10,
    11,
    12,
    13
  ],
  "methodology": "Complete calibration following notebook approach with padding, distortion handling, and court boundary computation",
  "metadata": {
    "camera_mac": "2c:cf:67:16:73:e3",
    "track_index": "1232",
    "center_name": "GameTheorySarjapur",
    "sport": "pickleball",
    "court": "court2"
  }
}