{
  "timestamp": "2026-04-10T10:54:09.596813",
  "num_points": 10,
  "num_points_used_for_extrinsic": 10,
  "extrinsic_holdout_indices": [],
  "image_points_space": "distorted",
  "solve_space": "distorted",
  "rmse_px": 4.9069326087571685,
  "mean_error_px": 4.535506808039484,
  "rmse_px_all_points": 4.9069326087571685,
  "mean_error_px_all_points": 4.535506808039484,
  "rmse_px_holdout": null,
  "mean_error_px_holdout": null,
  "holdout_validation": [],
  "per_point_error_px": [
    1.6577908135954118,
    3.646679281438343,
    7.102646469938569,
    5.970987484847649,
    5.285022316348626,
    5.235048585784651,
    1.1932645656628642,
    5.306631035930958,
    3.5396189987170037,
    6.417378528130759
  ],
  "rvec": [
    -0.053487915343558054,
    1.3320060434480288,
    2.62750509096816
  ],
  "tvec": [
    5.240813821865226,
    5.853082077506526,
    -13.805189772133797
  ],
  "camera_matrix_used": [
    [
      779.535873099281,
      0.0,
      714.6774319402804
    ],
    [
      0.0,
      778.120494301594,
      538.8186410099029
    ],
    [
      0.0,
      0.0,
      1.0
    ]
  ],
  "dist_coeffs_used": [
    0.03488916342155634,
    -0.08041033528835607,
    -0.0009969717332549439,
    -0.0012984922659619214,
    0.02276621476017729
  ]
}