{
  "timestamp": "2026-04-08T14:02:25.328844",
  "num_points": 6,
  "rmse_px": 5.002546787261963,
  "mean_error_px": 5.6187920570373535,
  "per_point_error_px": [
    0.7622956037521362,
    5.783030033111572,
    1.1853762865066528,
    3.557058334350586,
    11.838312149047852,
    10.586679458618164
  ],
  "rvec": [
    -0.05606173968115519,
    1.3433608741214256,
    2.617679814976901
  ],
  "tvec": [
    5.303777271518059,
    5.692486543543587,
    -13.84983749979737
  ],
  "camera_matrix_used": [
    [
      738.4315607580222,
      0.0,
      710.0487174301212
    ],
    [
      0.0,
      735.4969855195391,
      536.5104118316209
    ],
    [
      0.0,
      0.0,
      1.0
    ]
  ],
  "dist_coeffs_used": [
    0.0,
    0.0,
    0.0,
    0.0,
    0.0
  ]
}