{
  "timestamp": "2026-04-10T09:47:38.049368",
  "num_points": 10,
  "num_points_used_for_extrinsic": 10,
  "extrinsic_holdout_indices": [],
  "image_points_space": "distorted",
  "solve_space": "distorted",
  "rmse_px": 4.545926768679938,
  "mean_error_px": 4.271052627758353,
  "rmse_px_all_points": 4.545926768679938,
  "mean_error_px_all_points": 4.271052627758353,
  "rmse_px_holdout": null,
  "mean_error_px_holdout": null,
  "holdout_validation": [],
  "per_point_error_px": [
    1.8504753811135133,
    2.520301965342133,
    6.538277702868387,
    5.6516151083253625,
    5.717434118253303,
    5.065580443147985,
    2.4193616683540395,
    5.047063842387068,
    3.1424695826875038,
    4.757946465104243
  ],
  "rvec": [
    -0.04877545054896459,
    1.335553550239117,
    2.6250590528752347
  ],
  "tvec": [
    5.232454924715103,
    5.814437514282813,
    -13.8391872567047
  ],
  "camera_matrix_used": [
    [
      779.535873099281,
      0.0,
      714.6774319402804
    ],
    [
      0.0,
      778.120494301594,
      538.8186410099029
    ],
    [
      0.0,
      0.0,
      1.0
    ]
  ],
  "dist_coeffs_used": [
    0.03488916342155634,
    -0.08041033528835607,
    -0.0009969717332549439,
    -0.0012984922659619214,
    0.02276621476017729
  ]
}