{
  "timestamp": "2026-04-09T06:52:42.031642",
  "num_points": 10,
  "image_points_space": "distorted",
  "rmse_px": 3.1269869804382324,
  "mean_error_px": 4.138152122497559,
  "per_point_error_px": [
    1.7426913976669312,
    2.3753414154052734,
    6.167348861694336,
    5.932894706726074,
    5.381908416748047,
    5.267924785614014,
    2.284780979156494,
    4.762582778930664,
    2.97245192527771,
    4.493598461151123
  ],
  "rvec": [
    -0.04878359826072644,
    1.3355561581974675,
    2.6250573806508846
  ],
  "tvec": [
    5.232476066761616,
    5.814428835747562,
    -13.839171753250627
  ],
  "camera_matrix_used": [
    [
      738.4315607580222,
      0.0,
      710.0487174301212
    ],
    [
      0.0,
      735.4969855195391,
      536.5104118316209
    ],
    [
      0.0,
      0.0,
      1.0
    ]
  ],
  "dist_coeffs_used": [
    0.0,
    0.0,
    0.0,
    0.0,
    0.0
  ]
}