{
  "timestamp": "2026-04-08T18:36:41.357819",
  "num_points": 8,
  "image_points_space": "distorted",
  "rmse_px": 3.8706798553466797,
  "mean_error_px": 4.430235862731934,
  "per_point_error_px": [
    1.0330971479415894,
    1.6767005920410156,
    4.102067947387695,
    2.548828125,
    3.135556936264038,
    3.7295749187469482,
    8.168843269348145,
    11.047219276428223
  ],
  "rvec": [
    -0.055816129398993955,
    1.3465769218809196,
    2.6164510491371824
  ],
  "tvec": [
    5.297066017358879,
    5.6802109930322295,
    -13.856625183819927
  ],
  "camera_matrix_used": [
    [
      738.4315607580222,
      0.0,
      710.0487174301212
    ],
    [
      0.0,
      735.4969855195391,
      536.5104118316209
    ],
    [
      0.0,
      0.0,
      1.0
    ]
  ],
  "dist_coeffs_used": [
    0.0,
    0.0,
    0.0,
    0.0,
    0.0
  ]
}