{
  "timestamp": "2026-04-10T09:52:39.729014",
  "num_detected_images": 63,
  "opencv_rms": 0.5699832007619536,
  "per_image_rmse": [
    0.2726885974407196,
    0.3355247378349304,
    0.3283829391002655,
    0.31407734751701355,
    0.30373039841651917,
    0.2027275413274765,
    0.27541598677635193,
    0.37079036235809326,
    0.4467543959617615,
    0.3213682472705841,
    0.4081229269504547,
    0.32491013407707214,
    0.3094478249549866,
    0.22266364097595215,
    0.26621749997138977,
    0.9644542336463928,
    0.44111132621765137,
    0.3698727786540985,
    0.30660778284072876,
    0.313001424074173,
    0.26214858889579773,
    0.34227681159973145,
    0.34731683135032654,
    0.34243667125701904,
    0.5186424255371094,
    0.5962809324264526,
    0.5329478979110718,
    0.25660502910614014,
    0.30450791120529175,
    0.6456700563430786,
    0.5983720421791077,
    0.5072194337844849,
    0.45837315917015076,
    0.4906759262084961,
    0.5048402547836304,
    0.4605441093444824,
    0.20196035504341125,
    0.4934011995792389,
    0.24697650969028473,
    0.35255852341651917,
    0.6447492837905884,
    0.5199729204177856,
    0.2406693696975708,
    0.3934667706489563,
    0.4273274838924408,
    0.4324032962322235,
    0.40708017349243164,
    0.7001040577888489,
    0.5992305874824524,
    0.5188611149787903,
    0.17136092483997345,
    0.2233140617609024,
    0.20367519557476044,
    0.4087192714214325,
    0.16517914831638336,
    0.19585490226745605,
    0.23593175411224365,
    0.21343810856342316,
    0.31452712416648865,
    0.3114721179008484,
    0.20991241931915283,
    0.18275180459022522,
    0.2405206859111786
  ],
  "camera_matrix": [
    [
      779.535873099281,
      0.0,
      714.6774319402804
    ],
    [
      0.0,
      778.120494301594,
      538.8186410099029
    ],
    [
      0.0,
      0.0,
      1.0
    ]
  ],
  "dist_coeffs": [
    [
      0.03488916342155634,
      -0.08041033528835607,
      -0.0009969717332549439,
      -0.0012984922659619214,
      0.02276621476017729
    ]
  ],
  "image_size": [
    1440,
    1080
  ],
  "calibration_type": "pinhole"
}