{
  "rvec": [
    -0.05602695588263589,
    1.3444187045073346,
    2.616992869484841
  ],
  "tvec": [
    5.307552388077769,
    5.6835572781812935,
    -13.867059644939697
  ],
  "rotation_matrix": [
    [
      -0.97956035865588,
      -0.19297700723501113,
      0.05675718834282009
    ],
    [
      0.1585255669601359,
      -0.5669311078574089,
      0.8083679629744975
    ],
    [
      -0.12381901457341418,
      0.8008426771983306,
      0.5859350288281792
    ]
  ],
  "reprojection_error": 4.845959186553955,
  "num_points": 6,
  "point_names": [
    "p1",
    "p3",
    "p10",
    "p12",
    "p15",
    "p16"
  ],
  "timestamp": "2026-04-04T10:33:28.778436",
  "folder": "sink"
}