{
  "homography_matrix": [
    [
      60.04231264848335,
      -30.771899783559636,
      427.9999999999999
    ],
    [
      -3.334134379889349,
      -0.644696801926814,
      233.99999999999997
    ],
    [
      0.009727023318528781,
      -0.057596501383417244,
      0.9999999999999999
    ]
  ],
  "dominant_plane_z": 0.0,
  "num_planar_points": 4,
  "inlier_mask": [
    1,
    1,
    1,
    1
  ],
  "mean_reprojection_error": 0.0,
  "max_reprojection_error": 0.0,
  "timestamp": "2026-04-04T10:33:28.819020"
}