{
  "timestamp": "2026-04-08T18:22:03.462659",
  "num_points": 8,
  "image_points_space": "distorted",
  "rmse_px": 12.276267051696777,
  "mean_error_px": 16.48543930053711,
  "per_point_error_px": [
    12.057083129882812,
    16.787282943725586,
    14.10295295715332,
    25.672636032104492,
    17.362863540649414,
    24.29019546508789,
    11.564966201782227,
    10.045537948608398
  ],
  "rvec": [
    -0.06402785695107882,
    -1.5113841270744575,
    -2.70368171757145
  ],
  "tvec": [
    2.5141526617841428,
    5.395425505420369,
    -14.822820811078078
  ],
  "camera_matrix_used": [
    [
      738.4315607580222,
      0.0,
      710.0487174301212
    ],
    [
      0.0,
      735.4969855195391,
      536.5104118316209
    ],
    [
      0.0,
      0.0,
      1.0
    ]
  ],
  "dist_coeffs_used": [
    0.0,
    0.0,
    0.0,
    0.0,
    0.0
  ]
}