{
  "timestamp": "2026-04-09T10:22:21.284843",
  "num_points": 10,
  "image_points_space": "distorted",
  "rmse_px": 4.97673225402832,
  "mean_error_px": 6.17569637298584,
  "per_point_error_px": [
    5.241246700286865,
    2.121429681777954,
    5.710574626922607,
    5.796646595001221,
    15.24390983581543,
    7.158291816711426,
    7.421780109405518,
    4.891046524047852,
    4.847640514373779,
    3.324399471282959
  ],
  "rvec": [
    -0.20458853965957816,
    -1.5058185492054676,
    -2.647549774731481
  ],
  "tvec": [
    0.9833380494076256,
    5.2275116446907095,
    -15.518756446182149
  ],
  "camera_matrix_used": [
    [
      764.3239834239396,
      0.0,
      564.9625072171604
    ],
    [
      0.0,
      760.6389266113251,
      583.5741914343375
    ],
    [
      0.0,
      0.0,
      1.0
    ]
  ],
  "dist_coeffs_used": [
    0.0,
    0.0,
    0.0,
    0.0,
    0.0
  ]
}