{
  "timestamp": "2026-04-10T09:16:05.786299",
  "num_points": 10,
  "num_points_used_for_extrinsic": 10,
  "extrinsic_holdout_indices": [],
  "image_points_space": "distorted",
  "solve_space": "distorted",
  "rmse_px": 4.534773279881405,
  "mean_error_px": 4.155455187753696,
  "rmse_px_all_points": 4.534773279881405,
  "mean_error_px_all_points": 4.155455187753696,
  "rmse_px_holdout": null,
  "mean_error_px_holdout": null,
  "holdout_validation": [],
  "per_point_error_px": [
    4.691952009807043,
    3.7310329061622265,
    5.394486019750302,
    6.3210239951176925,
    6.321193325416455,
    3.132818406927932,
    2.2786782539711505,
    0.25588163862830704,
    3.9449068351694465,
    5.482578486586396
  ],
  "rvec": [
    -0.15188707714802446,
    -1.5852129743152192,
    -2.6281168540998023
  ],
  "tvec": [
    1.6346941114269213,
    4.337472585729132,
    -15.428975278707192
  ],
  "camera_matrix_used": [
    [
      782.096267057753,
      0.0,
      663.5510772662917
    ],
    [
      0.0,
      783.8585365381798,
      481.19173250903594
    ],
    [
      0.0,
      0.0,
      1.0
    ]
  ],
  "dist_coeffs_used": [
    0.031055650062180782,
    -0.05778266659086644,
    -0.0019516517957314152,
    0.003867532322523275,
    0.012708126738782716
  ]
}