{
  "timestamp": "2026-04-08T14:01:04.334302",
  "num_points": 6,
  "rmse_px": 10.858811378479004,
  "mean_error_px": 15.104591369628906,
  "per_point_error_px": [
    10.976781845092773,
    13.052989959716797,
    17.367422103881836,
    17.00089454650879,
    13.46252155303955,
    18.766935348510742
  ],
  "rvec": [
    -0.008610032950154058,
    -1.5097029953547476,
    -2.7004408211736917
  ],
  "tvec": [
    2.565096174419114,
    5.446977258361674,
    -14.764413293700885
  ],
  "camera_matrix_used": [
    [
      738.4315607580222,
      0.0,
      710.0487174301212
    ],
    [
      0.0,
      735.4969855195391,
      536.5104118316209
    ],
    [
      0.0,
      0.0,
      1.0
    ]
  ],
  "dist_coeffs_used": [
    0.0,
    0.0,
    0.0,
    0.0,
    0.0
  ]
}