{
  "timestamp": "2026-04-10T10:53:12.546299",
  "num_points": 10,
  "num_points_used_for_extrinsic": 10,
  "extrinsic_holdout_indices": [],
  "image_points_space": "distorted",
  "solve_space": "distorted",
  "rmse_px": 2.4246322244952556,
  "mean_error_px": 2.0759701328620084,
  "rmse_px_all_points": 2.4246322244952556,
  "mean_error_px_all_points": 2.0759701328620084,
  "rmse_px_holdout": null,
  "mean_error_px_holdout": null,
  "holdout_validation": [],
  "per_point_error_px": [
    2.011459611909668,
    1.5150129523427307,
    2.2053903592512456,
    0.5057645225653605,
    1.114094824198383,
    0.599393416291272,
    2.8864083275928785,
    3.378554518002825,
    1.759913125397142,
    4.78370967106858
  ],
  "rvec": [
    -0.1418574797582134,
    -1.5743283636152017,
    -2.6348334840714083
  ],
  "tvec": [
    1.6829106851954612,
    4.474703218643169,
    -15.373835317473986
  ],
  "camera_matrix_used": [
    [
      782.096267057753,
      0.0,
      663.5510772662917
    ],
    [
      0.0,
      783.8585365381798,
      481.19173250903594
    ],
    [
      0.0,
      0.0,
      1.0
    ]
  ],
  "dist_coeffs_used": [
    0.031055650062180782,
    -0.05778266659086644,
    -0.0019516517957314152,
    0.003867532322523275,
    0.012708126738782716
  ]
}