{
  "timestamp": "2026-04-10T10:53:10.744074",
  "num_detected_images": 216,
  "opencv_rms": 1.0303291368796215,
  "per_image_rmse": [
    0.7472150921821594,
    0.34656503796577454,
    0.2885071039199829,
    1.2672513723373413,
    0.24838359653949738,
    0.22772537171840668,
    0.3625946044921875,
    0.8672367930412292,
    0.21902482211589813,
    0.23543217778205872,
    0.5063570141792297,
    0.23173727095127106,
    1.0824761390686035,
    0.22510451078414917,
    0.24827821552753448,
    1.3176255226135254,
    0.23302443325519562,
    0.26435160636901855,
    0.2818625271320343,
    0.33045822381973267,
    0.385503888130188,
    0.39544767141342163,
    0.4492950737476349,
    0.45436891913414,
    0.44962629675865173,
    0.4269755482673645,
    0.4169043004512787,
    0.4490518569946289,
    0.5015959739685059,
    0.48995983600616455,
    0.4931465685367584,
    0.7210529446601868,
    2.2968952655792236,
    0.7219412326812744,
    1.482417106628418,
    1.6122206449508667,
    1.728319764137268,
    0.5820359587669373,
    1.067163348197937,
    0.6043994426727295,
    0.6108075976371765,
    0.7411049604415894,
    0.6459880471229553,
    0.6029970049858093,
    0.7617189288139343,
    1.0871306657791138,
    0.7188423275947571,
    1.0447622537612915,
    0.4701073467731476,
    0.6434227228164673,
    0.4952724575996399,
    0.4471665024757385,
    0.8012669086456299,
    0.3082624673843384,
    0.3226297199726105,
    1.2442156076431274,
    0.3558410406112671,
    0.33093470335006714,
    0.7908370494842529,
    0.3322840929031372,
    0.3068690299987793,
    4.633670806884766,
    0.6029109954833984,
    0.3270092308521271,
    0.34234216809272766,
    0.2968112826347351,
    0.7306354641914368,
    0.3444540500640869,
    0.31974223256111145,
    0.3755236864089966,
    0.3540646731853485,
    0.36969467997550964,
    0.8577784299850464,
    0.3062218725681305,
    0.2894519865512848,
    0.29846104979515076,
    0.3040228486061096,
    0.2884390652179718,
    0.6837487816810608,
    0.2498980015516281,
    0.28816407918930054,
    0.27631327509880066,
    0.28457117080688477,
    0.3094368577003479,
    0.2868918478488922,
    0.3131522536277771,
    0.3561147451400757,
    0.3475712835788727,
    0.32778093218803406,
    0.3428536653518677,
    0.3190789520740509,
    0.47058185935020447,
    0.3568575084209442,
    0.36369815468788147,
    0.37092527747154236,
    0.37116992473602295,
    0.35933437943458557,
    0.35719841718673706,
    0.34982141852378845,
    0.38862907886505127,
    0.39499542117118835,
    1.474908471107483,
    0.4307563602924347,
    0.45026251673698425,
    0.4442550837993622,
    1.6126142740249634,
    0.5568053722381592,
    1.4884463548660278,
    0.5718677639961243,
    0.44132891297340393,
    0.3401657044887543,
    0.18593624234199524,
    0.17699088156223297,
    0.20154893398284912,
    0.22440800070762634,
    0.2627085745334625,
    0.35261401534080505,
    0.4173696041107178,
    0.1851649284362793,
    0.19086967408657074,
    0.22943292558193207,
    0.27904993295669556,
    0.2570233941078186,
    0.2495409995317459,
    0.20039241015911102,
    0.9115346670150757,
    2.151031255722046,
    0.3307039737701416,
    0.36939185857772827,
    0.3219723701477051,
    0.3293176293373108,
    0.29075321555137634,
    0.5274291634559631,
    0.576822817325592,
    0.28221237659454346,
    0.3067685067653656,
    0.34313875436782837,
    1.0327723026275635,
    1.328279733657837,
    0.8357470631599426,
    0.32845011353492737,
    0.3364405333995819,
    0.212106853723526,
    0.2305162400007248,
    0.20004330575466156,
    0.21965184807777405,
    2.1992239952087402,
    0.39748260378837585,
    0.3573850095272064,
    0.32666730880737305,
    0.3059350848197937,
    0.639834463596344,
    0.42950475215911865,
    0.42956098914146423,
    0.41492560505867004,
    0.3740561604499817,
    0.3423735797405243,
    0.3549861013889313,
    0.3360053598880768,
    0.1941601186990738,
    0.17818988859653473,
    0.16976794600486755,
    0.16142328083515167,
    0.13885782659053802,
    0.14204104244709015,
    0.12405571341514587,
    0.1482953131198883,
    0.13187380135059357,
    0.13018693029880524,
    0.15723450481891632,
    0.1819295585155487,
    0.17039506137371063,
    0.19149333238601685,
    0.22229845821857452,
    0.27408158779144287,
    0.2861105501651764,
    0.2764746844768524,
    0.2683672606945038,
    0.2112794816493988,
    0.20723207294940948,
    0.1898915022611618,
    0.18438135087490082,
    0.19104082882404327,
    0.18591289222240448,
    0.1739008128643036,
    0.17023780941963196,
    0.20112164318561554,
    0.8095505237579346,
    0.6717548966407776,
    0.33489254117012024,
    0.49751248955726624,
    1.3202849626541138,
    3.2199339866638184,
    2.3177056312561035,
    0.36317014694213867,
    0.3665487468242645,
    0.3366081118583679,
    0.30209049582481384,
    0.33128583431243896,
    0.5513663291931152,
    0.45993825793266296,
    0.34257861971855164,
    0.39929553866386414,
    0.3896348774433136,
    0.5512619614601135,
    0.5775512456893921,
    0.5869947075843811,
    0.5269052386283875,
    0.5094319581985474,
    0.5042458772659302,
    0.46552377939224243,
    0.4309332072734833,
    0.37914612889289856,
    0.33056193590164185,
    1.0973412990570068,
    0.2359817624092102
  ],
  "camera_matrix": [
    [
      782.096267057753,
      0.0,
      663.5510772662917
    ],
    [
      0.0,
      783.8585365381798,
      481.19173250903594
    ],
    [
      0.0,
      0.0,
      1.0
    ]
  ],
  "dist_coeffs": [
    [
      0.031055650062180782,
      -0.05778266659086644,
      -0.0019516517957314152,
      0.003867532322523275,
      0.012708126738782716
    ]
  ],
  "image_size": [
    1440,
    1080
  ],
  "calibration_type": "pinhole"
}