{
  "timestamp": "2026-04-09T10:20:59.764628",
  "num_detected_images": 171,
  "opencv_rms": 1.0112169693052921,
  "per_image_rmse": [
    0.2623578608036041,
    0.17749305069446564,
    0.17669577896595,
    0.3011144697666168,
    0.3261226713657379,
    0.26980409026145935,
    1.2806603908538818,
    0.2475115805864334,
    0.2594786286354065,
    0.22687757015228271,
    0.21320341527462006,
    0.2603241801261902,
    0.3412787616252899,
    0.3638322949409485,
    0.4077231287956238,
    0.38244011998176575,
    0.3683490455150604,
    0.4462236166000366,
    0.5432822704315186,
    0.47726067900657654,
    0.24707287549972534,
    0.1999255269765854,
    0.22407859563827515,
    0.21984103322029114,
    0.2531404495239258,
    0.24600620567798615,
    0.2769559323787689,
    0.2688242793083191,
    0.2782379388809204,
    0.2607905864715576,
    0.2996649444103241,
    0.38315796852111816,
    0.21511076390743256,
    0.18462467193603516,
    0.19380168616771698,
    0.16493937373161316,
    0.16596242785453796,
    0.1597411185503006,
    0.21519766747951508,
    0.26815950870513916,
    0.3036690950393677,
    0.2576929032802582,
    0.23380613327026367,
    0.25999945402145386,
    0.27331069111824036,
    0.31345877051353455,
    0.6355506777763367,
    0.6444718241691589,
    0.5235077142715454,
    0.48175305128097534,
    0.38875746726989746,
    0.3604779839515686,
    0.3748532831668854,
    0.49574628472328186,
    0.39737576246261597,
    0.4842718839645386,
    0.37187063694000244,
    0.2817744016647339,
    0.28425130248069763,
    0.25154808163642883,
    0.2195015698671341,
    0.2525653839111328,
    0.2108345776796341,
    0.9431694149971008,
    0.36419549584388733,
    0.375012069940567,
    0.3738558888435364,
    0.38076621294021606,
    0.3925611078739166,
    0.3672553598880768,
    0.38744378089904785,
    0.36633798480033875,
    0.8956260681152344,
    1.039244294166565,
    0.9539501070976257,
    0.8585186004638672,
    0.8457471132278442,
    0.8351786732673645,
    0.8140117526054382,
    0.7969117760658264,
    0.7830784320831299,
    0.7980770468711853,
    0.8055739998817444,
    0.8161530494689941,
    0.8180697560310364,
    0.8674697875976562,
    0.9655985236167908,
    0.8848142623901367,
    0.9309138655662537,
    0.9344947934150696,
    0.8049688339233398,
    0.8493388295173645,
    0.6902546882629395,
    0.6941705942153931,
    0.8218908905982971,
    1.3379994630813599,
    0.8674174547195435,
    0.7942895293235779,
    1.0501980781555176,
    1.1675065755844116,
    0.9643837809562683,
    0.6881383061408997,
    0.6004424095153809,
    0.6876910328865051,
    0.7394749522209167,
    0.7429766654968262,
    0.7401413917541504,
    0.6667850017547607,
    0.6244174838066101,
    0.6120179295539856,
    0.5808129906654358,
    0.5459931492805481,
    0.5400928854942322,
    0.5785772800445557,
    0.6213985681533813,
    0.6894239783287048,
    0.6784329414367676,
    0.6894615292549133,
    0.7066744565963745,
    0.884303629398346,
    0.7397561073303223,
    0.7400932312011719,
    0.7276487350463867,
    0.9292777180671692,
    0.6685813069343567,
    0.6558874249458313,
    0.9152543544769287,
    0.7957851886749268,
    0.5593094825744629,
    0.6146855354309082,
    0.7666050791740417,
    0.7298378348350525,
    0.7566152215003967,
    0.7743920087814331,
    0.7127532958984375,
    0.7892053723335266,
    0.7735785245895386,
    0.6626415252685547,
    0.5580123662948608,
    0.5560578107833862,
    0.5886964797973633,
    0.6153022050857544,
    0.6102390289306641,
    0.5911483764648438,
    0.5817071199417114,
    0.554929792881012,
    0.7085838913917542,
    0.6310913562774658,
    0.6838851571083069,
    0.7056925296783447,
    0.7979519963264465,
    1.3326019048690796,
    0.9947438836097717,
    1.0021792650222778,
    1.1838701963424683,
    1.057094693183899,
    0.9336515665054321,
    0.9925112128257751,
    1.1707184314727783,
    1.2102837562561035,
    1.866356611251831,
    1.1757735013961792,
    2.6154062747955322,
    1.0551178455352783,
    1.030522346496582,
    1.228619933128357,
    1.1798943281173706,
    1.126896858215332,
    0.7893263697624207,
    0.5044462084770203,
    0.5020038485527039
  ],
  "camera_matrix": [
    [
      821.5612604502053,
      0.0,
      626.2824937607254
    ],
    [
      0.0,
      821.9796693426738,
      531.885213779187
    ],
    [
      0.0,
      0.0,
      1.0
    ]
  ],
  "dist_coeffs": [
    [
      0.0746779503174531,
      -0.049274034331825436,
      0.016694749836435274,
      -0.011495846755735603,
      -0.005480958796697086
    ]
  ],
  "image_size": [
    1440,
    1080
  ],
  "calibration_type": "pinhole"
}