{
  "homography_matrix": [
    [
      9.081148192452298,
      -72.22784491182604,
      1004.4511813785564
    ],
    [
      -15.68782607353939,
      -6.632949725426625,
      372.8126463717052
    ],
    [
      -0.04404258199472829,
      -0.040278542023198416,
      1.0
    ]
  ],
  "mean_reprojection_error": 15.856635814905166,
  "individual_reprojection_errors": [
    0.5371842980384827,
    10.814592361450195,
    18.62217903137207,
    0.3658084571361542,
    0.8300679326057434,
    1.9250389337539673,
    1.398477554321289,
    117.70183563232422,
    4.766882419586182,
    72.9670639038086,
    0.317686527967453,
    1.401167869567871,
    1.525484561920166,
    0.4885233938694,
    4.187544345855713
  ],
  "points_used": 15,
  "total_points_available": 15,
  "excluded_net_top_points": 0,
  "computed_at": "2025-12-13T19:36:07.449265",
  "image_points": [
    [
      477.0,
      984.0
    ],
    [
      188.0,
      733.0
    ],
    [
      60.0,
      622.0
    ],
    [
      569.0,
      488.0
    ],
    [
      772.0,
      522.0
    ],
    [
      1122.0,
      580.0
    ],
    [
      1246.0,
      505.0
    ],
    [
      1257.0,
      387.0
    ],
    [
      708.0,
      451.0
    ],
    [
      708.0,
      377.0
    ],
    [
      826.0,
      420.0
    ],
    [
      1031.0,
      432.0
    ],
    [
      1334.0,
      452.0
    ],
    [
      1004.0,
      373.0
    ],
    [
      1188.0,
      375.0
    ]
  ],
  "world_points": [
    [
      6.0960001945495605,
      13.40999984741211
    ],
    [
      3.0480000972747803,
      13.40999984741211
    ],
    [
      0.0,
      13.40999984741211
    ],
    [
      0.0,
      8.835000038146973
    ],
    [
      3.0480000972747803,
      8.835000038146973
    ],
    [
      6.0960001945495605,
      8.835000038146973
    ],
    [
      6.0960001945495605,
      6.704999923706055
    ],
    [
      6.0960001945495605,
      6.704999923706055
    ],
    [
      0.0,
      6.704999923706055
    ],
    [
      0.0,
      6.704999923706055
    ],
    [
      0.0,
      4.574999809265137
    ],
    [
      3.0480000972747803,
      4.574999809265137
    ],
    [
      6.0960001945495605,
      4.574999809265137
    ],
    [
      0.0,
      0.0
    ],
    [
      3.0480000972747803,
      0.0
    ]
  ],
  "excluded_indices": [],
  "included_world_coordinates": [
    11,
    10,
    9,
    6,
    7,
    8,
    13,
    13,
    12,
    12,
    3,
    4,
    5,
    0,
    1
  ],
  "selected_indices_for_homography": [
    0,
    1,
    2,
    3,
    4,
    5,
    6,
    7,
    8,
    9,
    10,
    11,
    12,
    13,
    14
  ],
  "methodology": "Complete calibration following notebook approach with padding, distortion handling, and court boundary computation",
  "metadata": {
    "camera_mac": "2c:cf:67:16:73:9a",
    "track_index": "1232",
    "center_name": "GameTheorySarjapur",
    "sport": "pickleball",
    "court": "court2"
  }
}