{
  "homography_matrix": [
    [
      71.54741282357368,
      -35.20569819035486,
      469.9999999999998
    ],
    [
      -5.110699388988147,
      7.710401306102101,
      142.99999999999974
    ],
    [
      0.0058404652226837685,
      -0.05712831162114352,
      1.0
    ]
  ],
  "dominant_plane_z": 0.0,
  "num_planar_points": 5,
  "inlier_mask": [
    1,
    1,
    0,
    1,
    1
  ],
  "mean_reprojection_error": 2.6593279582535003,
  "max_reprojection_error": 13.296639791267502,
  "timestamp": "2026-04-01T13:08:09.174725"
}